word,count
SONA,65
THE,55
RT,53
TO,36
SA,34
OF,30
ANG,20
NA,19
NG,14
AND,14
5TH,13
MGA,12
IN,11
FOR,11
DUTERTES,10
DUTERTE,10
WE,9
PRESIDENT,8
MY,8
WITH,8
COVID19,7
NI,7
THIS,7
THAT,7
2020,7
MAY,6
AMP;,6
I,6
A,6
PA,5
UP,5
HIS,5
ON,5
TAG,5
IS,5
STATE,4
DI,4
STUDENT,4
SONA2020,4
PRES,4
YOU,4
RIN,4
RODRIGO,4
THEY,4
ROA,4
SI,4
YA,4
FIRST,4
YUNG,4
KA,4
KO,4
WAY,4
CONGRESS,3
ONE,3
SONAGKAISA,3
KHARAASONA,3
WOULD,3
AT,3
HIM,3
NAMAN,3
ME,3
COUNCIL,3
OWN,3
LANG,3
FROM,3
RAPPLERDOTCOM:,3
DURING,3
THA,3
IF,3
BEFORE,3
ARAW,3
LIKE,3
HER,3
GLOBE,3
SILA,3
ITS,3
PRESS,3
EVERYONE,3
DAPAT,3
KAR,2
SAME,2
HA,2
TIME,2
LAW,2
QUE,2
PRESIDENTS,2
PARA,2
21,2
CNNPHILIPPINES:,2
TE,2
LEADER,2
HAVE,2
TOTALLY,2
THROUGH,2
CAN,2
DRILON,2
GOVERNMENTS,2
WALANG,2
YOUR,2
HINDI,2
TWEET,2
SIYA,2
WAS,2
EXECUTIVE,2
REQUEST,2
ANCALERTS:,2
TAYONG,2
NANGA,2
NADINE,2
PASSAGE,2
GMANEWS:,2
EVEN,2
HE,2
AJITHKUMAR,2
PROVIDED,2
STEP,2
MARACEPEDA,2
RESPONSE,2
TAPOS,2
HELD,2
ONLY,2
WHICH,2
WHY,2
AKO,2
OFWS,2
WONT,2
KATRINADOMINGO,2
F‚Ä¶,2
PAGE,2
WHAT,2
SAID,2
LA,2
RIGHTS,2
5,2
ACT,2
TEST,2
SAAN,2
PANDEMIC,2
THALAAJITH,2
MATAPOS,2
ZUBIRI,2
BAYANIHAN,2
AS,2
COVID,2
LOOK:,2
BHAI,2
HEALTH,2
PLEASE,2
BUT,2
TAYO,2
KANYANG,2
AFTERNOON,2
SABI,2
MABUTI,2
AGAIN,2
GIVE,2
POSTSONA,2
SHARES,2
REACH,2
COVERS,2
PROTESTA,2
DILIMAN,2
KU,2
AFTER,2
HOGA,2
OUR,2
REACT,2
SENATE,2
PERO,2
ABOUT,2
CLEAR,2
HUMAN,2
ALSO,2
|,2
UPDATE,2
DONT,2
GROUPS,2
WAG,2
RELATED,2
KUNG,2
NO,2
NGAYONG,2
MESSAGE,2
REAPERSZN,2
EARLIER,2
PROTEST,2
FC,2
KACHRA,2
NAKITA,2
BA,2
THALAAJITHFC,2
PALA,2
WAR,2
TOWERNAMBA:,2
MUJHE,2
WERE,2
AGAINST,2
WAKASONA2020,2
BE,2
FANS,2
NATION,2
DISCUSSIONS,2
FRANKLIN,2
PANGULO,2
„Äê„Ç∏„Çß„Ç∏„É•„É≥„Äë,2
PERSONA,2
VALIMAI,2
GET,2
NEW,2
HERE,2
BILLS,2
BAGONG,1
MATOM,1
RALLY,1
NEIGHBORS,1
BATAO,1
ANTISONA,1
35,1
IKALIMANG,1
CHARLISCTEX:,1
PLAYERS,1
SUPPORT,1
DIPIKAKAKAR,1
GALIT,1
MUSTüíØüíØüíØüíØ,1
HTTPS://TCO/NQ0ZQWKJ2D,1
PROJECT,1
PLARIDELDLSU:,1
DECLARED,1
LEGAL,1
HASHTAGNIKKO13:,1
SEEING,1
PHILIPPINE,1
CLARITY,1
THALA,1
HARRY,1
JOSEPHMORONG:,1
KAHAN,1
MARCOS:,1
ROSHNIDAMOR5,1
W/,1
PAIDA,1
ANYARE,1
LEGA,1
NAPANOOD,1
FIGHT,1
MUKHA,1
SAYING,1
DE,1
DECRY,1
BALIK,1
DECANSASO√ëA,1
DESPI‚Ä¶,1
HOPE,1
PEHLE,1
ALWAYS,1
HTTPS://TCO/SJCNU8QTUO,1
ALTABSCBN:,1
GMANEWS,1
NAKIKITA,1
„Åä„Å°„Å§„Åç„Åæ„ÅóÔΩ≥ÔæûÔΩµÔΩµÔΩµÔΩµÔΩ™ÔΩ±ÔΩ±ÔΩ±,1
SHOOT,1
PREENPH:,1
SHET,1
BECAUSE,1
SB19NIZED:,1
REPATRIATED,1
HTTPS://TCO/AQRFUUJS0I,1
EFFORT,1
RAIN,1
SL,1
TWEETS,1
INVITED,1
COMMONWEALTH,1
NAGNEGATIBO,1
RIAATAYDE,1
CLOSELY,1
RANTS,1
MARKET,1
CD„Åå„ÅÇ„Çå„Å∞‚Ä¶,1
CHEL,1
BEEN,1
HURDLES,1
T‚Ä¶,1
„Åï„Çì„ÅåÊú¨Ë™å„Å´Ë¶ã„Åõ„Å¶„Åè„Çå„ÅüÁ¥†È°î„ÅÆÊï∞„ÄÖ„Çí„Ç∞„É©„Éì„Ç¢„ÅßÊåØ„ÇäËøî„Çä„Åæ„Åô„ÄÇÊØéÂπ¥ÊÅí‰æã„ÄåÂ•Ω„Åç„Å™„Ç∏„É£„Éã„Éº„Ç∫,1
PROGRAM,1
STUPID,1
HTTPS://TCO/BC4VFGYRPQ,1
DESIGNATED,1
MEASURES,1
RESOURCES,1
REPLAY,1
ABSOLUTALBERT:,1
NITO,1
üôÇ,1
CANNOT,1
ANAKBAYANUST:,1
YES,1
üòÇüòÇ,1
CREATIVE,1
PRESIDENTIAL,1
RONAKSHI,1
HTTPS://TCO/M2BDQVKQRT,1
SUMMARY,1
\„Ç´„Éê„Éº„Ç¢„É´„Éê„É†„ÇíÂºï„Å£„Åï„Åí„Åü„ÉÑ„Ç¢„ÉºÊò†ÂÉèüé•/,1
PROTESTERS,1
NIYANG,1
SIKHA,1
üòå,1
LOUD,1
SENATOR,1
ECONOMIC,1
SHUJOPRIME:,1
PAGSABIHAN,1
üò≠üò≠,1
üéÅ„Çø„ÉØ„É¨„Ç≥ÁâπÂÖ∏„ÅØ„Ç¢„Éä„Ç∂„Éº„Ç∏„É£‚Ä¶,1
TRADING,1
MARTIAL,1
OPEN,1
SOLTU,1
MAGBASA,1
JOSEPH,1
ATIN‚Äù,1
BENOKCASTILLO:,1
OCS,1
HTTPS://TCO/RXPLFCA9DA,1
ARTFIGHT,1
ILL,1
OLMALI,1
4,1
TAKE,1
SUTHUNGA,1
JEEVANPARIHAR15:,1
PASAND,1
CAPITAL,1
INUTUSAN,1
HTTPS://TCO/FJLTIQIW82,1
DANUSH,1
JO,1
USUALLY,1
TAMAAN,1
ENADA,1
IR,1
SONA2‚Ä¶,1
HAYAAN,1
HEINO‚Ä¶,1
SPOKESMAN,1
MANY,1
DAW,1
DEDO,1
QUICK,1
Ë°®Á¥ô„ÅØ,1
KABILA,1
NEKOSONA,1
PAKIKINIG,1
KWENTA,1
PUNISHMENT,1
VISHALSAINIVS,1
HTTPS://TCO/HQ14YGO6LU,1
SONATOTOO,1
VIOLATION,1
MIGHT,1
FUN,1
„ÄéÈÄ±ÂàäÂ•≥ÊÄß„Äè8/4/11Âêà‰ΩµÂè∑„ÅåÂ•ΩË©ïÁô∫Â£≤‰∏≠ÔºÅ,1
MIKEDEFENSOR:,1
OUT,1
TRENDS,1
MENTIONING,1
STATION,1
RECOVER,1
CIRE41:,1
CAUSTICKANYA,1
CHANDRAGUPT7,1
HARLEY,1
PAHINA,1
WORKED,1
SALOT,1
BUSY,1
MARIARESSA:,1
GIBI,1
POST,1
POLICIES,1
EVANU,1
SEEMS,1
MALIBAN,1
LANSANGAN,1
CITIZENS,1
ACTUALLY,1
JETHROGAMEZ:,1
PATRIK,1
IBA,1
FASTNESS,1
BUILDING,1
TELCOS,1
DO,1
UPSYSTEM,1
MINORITY,1
DOWN,1
ROOOOSSSHHIIIII,1
KALABAN,1
PODA,1
LOG,1
NALAIKU,1
STOP,1
„Ç´„Éê„Éº„Ç¢„É´„Éê„É†„ÄéLOVE,1
ISNT,1
SOME,1
HTTPS://TCO/NIEAEXKBCU,1
DIN,1
IDINULOT,1
GHAR,1
HMVKAWASAKI:,1
REMNANTS,1
LOOB,1
9‡§Ö‡§ó‡§∏‡•ç‡§§‡§µ‡§ø‡§∂‡•ç‡§µ‡§Ü‡§¶‡§ø‡§µ‡§æ‡§∏‡•Ä‡§¶‡§ø‡§µ‡§∏,1
UKANTHU,1
110000,1
THREAT,1
PAGBABAGO,1
SERAHPHYMN,1
MEN,1
NEITHER,1
LIVE,1
INDIVIDUALS,1
HI,1
FALLING,1
FAHMIRAZA1RAZA,1
RECENT,1
NAKALIMANG,1
TYPING,1
WILL,1
DIR,1
PASS,1
LETHAL,1
WAGE,1
SUSTANSYA‚Äù:,1
LISTENED,1
OFFICE,1
DDS:,1
AVE,1
UMAYOS,1
ROQUE,1
WATCHMEJAYJAY:,1
USKO,1
NIYO,1
KASO,1
INDIANPANDAA,1
EMERGENCY,1
NAGKAROON,1
LEMME,1
IT,1
GVT,1
TREELOCHAN,1
PROTESTING,1
HARASSMENT,1
MET,1
BRATBIUSH,1
HITESHM09,1
WORKERS,1
Â´å„ÅÑ„Å™„Ç∏„É£‚Ä¶,1
INDIA,1
MAZA,1
KALAUNAN,1
„Åï„Çì‚òÜ,1
MITING,1
EMPLOYMENT,1
HIM‚Ä¶,1
SWAB,1
FAILED,1
KAMING,1
üòÅ,1
LIYE,1
ESP,1
CAME,1
IRE,1
AYON,1
HTTPS://TCO/HKJZWDY1X5,1
READING,1
ATA,1
HTTPS://TCO/CSIWT3LZ3O,1
PRES:,1
THANKS,1
PERWISYO,1
„ÇΩ„Ç¶„É´„Åß„ÅÆÁã¨Âç†„Ç§„É≥„Çø„Éì„É•„ÉºÔºÜÁæéÈ∫óÂÜôÁúü„Çí„ÅäË¶ãÈÄÉ„Åó„Å™„Åè,1
AJMALJAMI,1
OVER,1
CONFERENCE,1
VERIVERYASC,1
HTTPS://TCO/YDT5A7F6KI,1
NICEGIRL09,1
DAILYGUARDIANPH:,1
QUEZON,1
CHAIHARVEST,1
SAGARCASM,1
KANYA,1
HTTPS://TCO/GNUEG7G1LG,1
DEJE,1
OSKO,1
MAINEDCM,1
BATTLES,1
KR,1
NAPAKAPETTY,1
PE,1
VARALA,1
27,1
AY,1
TRUE,1
SONAGKAISA2020,1
NILOCKDOWN,1
LOYALSACHINFAN,1
PUBGKADEEWANA,1
GUMALING,1
CHINESE,1
MADE,1
CAMPUS,1
MAJORITY,1
‚Ä¶,1
PUPUNTA,1
HOURS,1
BIR,1
DELZOLLL:,1
LAWYER,1
TUM,1
LABAN,1
STRETCHED,1
IVE,1
PAPA,1
DIOK‚Ä¶,1
PLAN,1
OR,1
THOUGHTS,1
BRIEFING,1
SCHOOL,1
YEAR,1
AVANCE‚Ä¶,1
NASA,1
HTTPS://TCO/PVUEZOILCJ,1
COVERSÔΩû„ÄèÊú¨Êó•ÂÖ•Ëç∑„Åó„Åæ„Åó„Åüüôå,1
RUHANI,1
RECORD,1
ZEROHUMOUR,1
QUIERO,1
DUHHHH,1
LIMITED,1
WHOLE,1
SANIYOR,1
VP,1
FALAN,1
ART,1
OFFICIALS,1
MUCHO,1
PURSE,1
HISTORICAL,1
FAKE,1
BATAS,1
IDINARAOS,1
ASSISTANCE,1
ERKANGA,1
TRIBALSONA,1
YO,1
KEEPING,1
DID,1
ADMIN,1
üòä,1
ANTHRO,1
OLDUƒûUNU,1
REGARD,1
PUSHED,1
ABROAD,1
O‚Ä¶,1
NGA,1
EH,1
VERIVERY,1
WOOO,1
METHOD,1
WATCH,1
DISPLACED,1
CORONAVIRUS,1
KABATAANPL,1
LUSTRE,1
3SAAL,1
BOYCOTT,1
AVCIMUCAHIT:,1
CHRGOVPH,1
MAKE,1
WHO,1
„ÉÑ„Ç¢„ÉºÊò†ÂÉè„ÄéJJUN,1
POURING,1
POSSESSION,1
ARRESTS,1
‚ÄúWALANG,1
PRIORITY,1
TAB‚Ä¶,1
INDIGENT,1
PROINDIAN3,1
KRNA,1
MORONG,1
LIMITS,1
OFF,1
HTTPS://TCO/7ACRWA6X6Q,1
REPORTS,1
NYA,1
üòÖ,1
ANO,1
YAN,1
ZOOM,1
ABSCBNNEWS,1
ü•∫,1
NAGPAPARINIG,1
ALLOWED,1
FIGHTING,1
UNA,1
KILOSPROTESTA,1
DA,1
GATHER,1
LEADERS,1
PRESIDENCY,1
PODUNGA,1
TAONGBAYAN,1
CRISIS,1
PRRDMY,1
STATEMENT,1
LEAMAINE2019:,1
STANDS,1
BEYEFENDIYE,1
MANISSSH,1
PLANO,1
GO,1
TESTIMONYA,1
DISPOSE,1
RAW,1
HIGHLIGHTS,1
NANAY,1
NEVER,1
KAYO,1
SIYANG,1
JAB,1
ATTEMPT,1
NILA,1
WOMEN,1
BERNAL,1
MACOYDUBS1:,1
SUPPLEMENT,1
SIN,1
650000,1
BUTI,1
CHINA,1
CARE,1
GIGIESGUERRA:,1
KANINANG,1
HOLDING,1
NYO,1
SECTOR,1
IMEE,1
LNG,1
DROP‚Ä¶,1
ASKS,1
CALLS,1
QU√âDATE,1
CLEAR:,1
KAGA,1
TADAH,1
LIVESTREAM,1
DUMPKRY,1
JULY,1
LUNGA,1
ADJUSTMENT,1
BAWAL,1
LE,1
HTTPS://TCO/6F8GGFL7GU,1
ACCOMPLISHMENT,1
INTO,1
ELSE,1
üòØüòØ,1
DILIG,1
ELAN,1
REMAINDER,1
REACTION,1
QUARKHENARES:,1
SIYAM,1
BAGO,1
WATCHING,1
DRAWZSONA,1
PALASYO,1
HAD,1
BOYMEJO:,1
WORKER,1
UY,1
SONA;,1
MICHELLEMMANESE:,1
BONITO,1
MARSO,1
KARPIKA,1
DUMPING,1
RESPOND,1
MUJY,1
NISHACHARR,1
LISTENING,1
TAENA,1
ABSCBN,1
USAPINGLACSON:,1
PATI,1
ANAKBAYANUST,1
DESIGNED,1
BOTH,1
FILMMAKERS,1
ITSJAYEMD:,1
SOON,1
MONDAY,1
INQUIRERDOTNET:,1
DRAW,1
REP,1
PAHIRAPAN,1
HTTPS://TCO/LAIUKKFKXJ,1
CONSCIOUSNESS,1
FUCKING,1
19:,1
SENIOR,1
HTTPS://TCO/YVEOXWQ0GT,1
HTTPS://TCO/TM83UYRE5E,1
QUOTE,1
MALACA√ëANG,1
PRRD,1
PROBABLY,1
DORMIR,1
PODUVOM,1
THANK,1
Y,1
MAG,1
657YE,1
BTPRA‚Ä¶,1
AAYA,1
RIA,1
CURRENT,1
MENE,1
ATAYDE,1
NORMAL,1
MORE:,1
RUINING,1
„Äê„Ç∏„Çß„Ç∏„É•„É≥„ÄëÂ§ß„Éí„ÉÉ„Éà„Åó„Åü„Ç´„Éê„Éº„Ç¢„É´„Éê„É†„ÅÆÁ¨¨2Âºæ„ÄåLOVE,1
PRO‚Ä¶,1
WIL‚Ä¶,1
LAHAT,1
ACROSS,1
MARAWI:,1
JOKE,1
IAMKARENDAVILA:,1
JAO,1
FINANCIAL,1
NAMBA,1
JADINETRASH:,1
NAME,1
CITY,1
FORMAL,1
‚Ö°„ÄèÊú¨Êó•ÂÖ•Ëç∑„Åó„Åæ„Åó„Åüüôå,1
MANDATORY,1
QUEEN,1
BRIEFINGS,1
HY,1
YESTERDAYS,1
KOüî•GALA,1
MAGALALA,1
BY,1
NAINSPIRE,1
YARU,1
HOWEVER,1
SUMAILALIM,1
HEAL,1
ERBA≈û,1
ALMOST,1
RECALL,1
POSIBLE,1
WATCHED,1
LEAD,1
THREAD:,1
ATTENDING,1
JUAN,1
STRONG,1
PANOORIN,1
NOR,1
PIDICHA,1
BILLI,1
NOMASKERS,1
DIFFICULT,1
BLDG,1
SPECIFICALLY,1
FUNDS,1
PARLADEJR:,1
DEGI,1
AMING,1
SONATHE,1
PRRDS,1
CLEARLY,1
INVESTED,1
DISINFECTION,1
FULL,1
ARMS,1
SEMESTER,1
HIGH,1
HTTPS://TCO/ULILMRYGV4,1
TEMPORARY,1
DUGA,1
MARVSMODEL,1
HAHAHA,1
ALL,1
ULIT,1
PANDEMYANG,1
YOURSELVES,1
SECTORS,1
UMAGA,1
ELABORATE,1
TWITTER,1
FACT,1
AVUNGALUKU,1
ONLINE,1
‰∏âÊµ¶Êò•È¶¨,1
DUMALO,1
DIFFERENT,1
WITHOUT,1
WPS,1
THEEXWHOGOTHOT,1
VADERAKASH,1
POVANGA,1
HAI,1
KAISIPANGABITAN:,1
THISISOURMINDANAO,1
NEWS:,1
ILA‚Ä¶,1
83000,1
SOOOO,1
ü§≠‚úä,1
PANITU,1
AN,1
JOYCE,1
STIPEND,1
ATTENTIVELY,1
PLDT,1
NONSENSE,1
üòÇüòÇüòÇ,1
HTTPS://TCO/Q9EER67BIZ,1
EXPLORERHOON,1
SONACA,1
IBOYCOTT,1
VIBE,1
FORCES,1
TODAY,1
PASSING,1
OFFICIAL,1
PO,1
DECIRTE,1
KAHAANHUMKAHAANTUM,1
CARPIO,1
STAUNCH,1
AADYAMISHRAA,1
POOJA,1
OKAY,1
FEMALE,1
LOL,1
HTTPS://TCO/WTFCJZZE1L,1
AFFECTED,1
INSURED,1
HTTPS://TCO/PFOUCUWXIA,1
WAS‚Ä¶,1
YOUTUBE,1
STYLE,1
TELLS,1
KENDISININ,1
VIJESHBHEEL,1
THREAD,1
CON,1
ANTES,1
BABALA,1
HONA,1
INYO,1
BHEELNANDU,1
PARANG,1
SINGHLICIOUS,1
SURVIVOR,1
KAPILKOLOTYA,1
„Ç∏„Çß„Ç∏„É•„É≥,1
SEEN,1
ISASAGAWA,1
PURPOSE,1
READ:,1
SENDS,1
SUMALI,1
HTTPS://TCO/X0AW68YUY5,1
TULOY,1
VICE,1
SONAüò¢üò¢,1
TREATMENT,1
KAHAPON,1
ESPECIALLY,1
AMPOTA,1
LIVE‚Ä¶,1
VERSION,1
HEROANGEL17:,1
WHILE,1
DAHIL,1
VIA,1
EXCUSES:,1
ANGRY,1
CRITIC,1
LIYA,1
PLENARY,1
WOKES,1
HUMAHARAP,1
NEED,1
\„Ç∏„Çß„Ç∏„É•„É≥„ÅÆÂÑ™„Åó„Åè„ÄÅÊ∑±„ÅÑÊ≠åÂ£∞„Åå„Åó„Åø„Çè„Åü„Çã/,1
LADYWITHFLAWS,1
MOST,1
LIDER,1
FRANKLINDRILON,1
DUTER‚Ä¶,1
SCRIPT,1
IKUMPARA,1
RECUERDA,1
YONG,1
ROLL,1
YEARS,1
SO,1
TATAY,1
NAGANAP,1
QUESTION,1
HANSSENSANTHONY:,1
MALALA,1
ITO,1
1969ENIGMA:,1
REPUBLIK‚Ä¶,1
IMPACT,1
STANDING,1
NAKANOOD,1
IPHONE,1
TUPAD,1
LIST:,1
PATAS,1
2Êó•Èñì„ÅÆ„Åø„ÅÆ„Éó„É¨„Éü„Ç¢„É†„É©„Ç§„É¥„ÇíÊò†ÂÉè„Å®CD„Åß„ÅäÊ•Ω„Åó„Åø„ÅÑ„Åü„Å†„Åë„ÇãË±™ËèØÁõ§,1
ITSYABOIRAFF:,1
ATTRACTIVE,1
AKALA,1
LINGERING,1
KARANVGROVER,1
REIMPOSITION,1
SONANANOTECH,1
BIRISI,1
LACK,1
READ,1
II„ÄçÂÖ•Ëç∑„Åó„Åæ„Åó„Åü‚ú®CD„ÅÆ2ÂΩ¢ÊÖã„Å´„ÅØÂÖàÁùÄ„ÅîË≥ºÂÖ•ÁâπÂÖ∏„Åß„Äå„Ç¢„Éä„Ç∂„Éº„Ç∏„É£„Ç±„ÉÉ„ÉàÔºàHMVÁµµÊüÑÔºâ„Äç„Çí„Åä‰ªò„Åë„Åó„Å¶„ÅÑ„Åæ„Åôüåπ„Éó„É¨„Éü„Ç¢„É†„É©„Ç§„Éñ„ÇíÂèéÈå≤„Åó„ÅüÊò†ÂÉè‰ΩúÂìÅ„ÄåJJUN,1
MINUTES,1
BRAHMAANDKIMAA,1
^^,1
PANDEMYA,1
OPPORTUNITIES,1
RECOVERY,1
HTTPS://TCO/4MH3XW4KNC,1
HTTPS://TCO/DX9OESFBW2,1
KIRUIU,1
EPUDIYE,1
SPEECH,1
MERE,1
SARAHELAGO,1
RECOUNTS,1
DREW,1
ARE,1
üòú,1
ACTIVISTS,1
ÂéüÊõ≤„ÅÆËâØ„Åï„Çí„Å≤„Åç„Åü„Å¶„Çã„Å†„Åë„Åß„Å™„Åè„ÄÅ„Ç∏„Çß„Ç∏„É•„É≥„Çâ„Åó„Åï„ÇÇÂÖ®Èñã„ÅÆ„Ç¢„É´„Éê„É†„Åß„Åô‚ô™,1
READINESS,1
SMART,1
ALI,1
KBHI,1
PANAWAGAN,1
ROHITME,1
KC,1
SENSE,1
BEAT,1
2019ÔΩûLOVE,1
PUBLIC,1
AUDACITY,1
NOTHING‚Ä¶,1
THERE,1
NATIONWIDE,1
SHOW,1
OLDSCHOOLMONK,1
‚ÄúHINDI,1
ARYAEDDARDSTARK,1
CELEBRITIES,1
ATTENDANCE,1
ABLE,1
SONACSO,1
MARGINALIZED,1
HELLO,1
GRADE,1
PRESIDENTE,1
NANG,1
BIGGER‚Ä¶,1
REITERATE,1
KBROSAS:,1
NEVERENDING,1
DR‚Ä¶,1
HOUR,1
S,1
NEB,1
LATELY,1
RTPCR,1
P‚Ä¶,1
INJECTION,1
SURE,1
BHAGVATEEBHEEL,1
TAMA,1
ITSACSLIFE:,1
MIGUEL,1
SOMETIME,1
SB19TRENDSPH:,1
B,1
EXTENDED,1
ALLENCOMPASSING,1
PUSHING,1
SPECIFYING,1
ü§∑‚Äç‚ôÄÔ∏è,1
DOING,1
THESE,1
ADDRESS,1
